[1,["89oC7OKVVH8JA3/om59BOZ"],0,[["sp.SkeletonData",["_name","_atlasText","textureNames","_skeletonJson","textures"],-1,3]],[[0,0,1,2,3,4,5]],[[0,"logo png","\nlogo png.png\nsize: 1130,334\nformat: RGBA8888\nfilter: Linear,Linear\nrepeat: none\nas1\n  rotate: false\n  xy: 751, 2\n  size: 157, 157\n  orig: 157, 157\n  offset: 0, 0\n  index: -1\nas2\n  rotate: false\n  xy: 751, 2\n  size: 157, 157\n  orig: 157, 157\n  offset: 0, 0\n  index: -1\nas3\n  rotate: false\n  xy: 751, 2\n  size: 157, 157\n  orig: 157, 157\n  offset: 0, 0\n  index: -1\ncham\n  rotate: false\n  xy: 505, 9\n  size: 36, 37\n  orig: 36, 37\n  offset: 0, 0\n  index: -1\ni\n  rotate: true\n  xy: 543, 14\n  size: 32, 80\n  orig: 32, 80\n  offset: 0, 0\n  index: -1\nliasang1\n  rotate: false\n  xy: 214, 24\n  size: 289, 308\n  orig: 289, 308\n  offset: 0, 0\n  index: -1\nliasang2\n  rotate: false\n  xy: 910, 27\n  size: 127, 132\n  orig: 127, 132\n  offset: 0, 0\n  index: -1\nn\n  rotate: false\n  xy: 1039, 74\n  size: 89, 85\n  orig: 89, 85\n  offset: 0, 0\n  index: -1\nslot\n  rotate: false\n  xy: 751, 161\n  size: 359, 171\n  orig: 359, 171\n  offset: 0, 0\n  index: -1\nv\n  rotate: true\n  xy: 664, 14\n  size: 94, 85\n  orig: 94, 85\n  offset: 0, 0\n  index: -1\nvin\n  rotate: true\n  xy: 664, 110\n  size: 222, 85\n  orig: 222, 85\n  offset: 0, 0\n  index: -1\nxu1\n  rotate: true\n  xy: 2, 4\n  size: 328, 210\n  orig: 328, 210\n  offset: 0, 0\n  index: -1\nxu2\n  rotate: true\n  xy: 505, 48\n  size: 284, 157\n  orig: 284, 157\n  offset: 0, 0\n  index: -1\nxu4\n  rotate: true\n  xy: 505, 48\n  size: 284, 157\n  orig: 284, 157\n  offset: 0, 0\n  index: -1\n",["logo png.png"],{"skeleton":{"hash":"0SSgrjVKIMDvu/S9eDzwo60g7YM","spine":"3.7.94","width":824,"height":779.56,"images":"./images/","audio":"E:/A-PIC/xuvin/spine logo"},"bones":[{"name":"root","x":0.5,"y":0.26},{"name":"ls1","parent":"root","length":143.96,"rotation":-0.46,"x":-354.3,"y":553.24},{"name":"ls2","parent":"root","length":76.7,"rotation":180,"x":190.95,"y":324.19,"color":"9c9c9c04"},{"name":"xu1","parent":"root","length":122.89,"rotation":91.25,"x":-11.16,"y":555.07},{"name":"text downl","parent":"root","length":61.61,"rotation":91.18,"x":-10.01,"y":194.12},{"name":"v","parent":"text downl","length":36.73,"rotation":1.42,"x":93.56,"y":109.32},{"name":"i","parent":"text downl","length":42.54,"rotation":-0.06,"x":91.75,"y":0.92},{"name":"n","parent":"text downl","length":38.36,"rotation":-1.18,"x":86.02,"y":-114.91},{"name":"cham","parent":"text downl","length":34.07,"rotation":-0.06,"x":51.44,"y":195.3}],"slots":[{"name":"xu4","bone":"root","attachment":"xu4"},{"name":"xu1","bone":"xu1","attachment":"xu1"},{"name":"xu2","bone":"root","attachment":"xu3"},{"name":"liasang1","bone":"ls1","attachment":"liasang1"},{"name":"slot","bone":"root","attachment":"slot"},{"name":"as3","bone":"root","attachment":"as3","blend":"additive"},{"name":"as2","bone":"root","attachment":"as2","blend":"additive"},{"name":"as1","bone":"root","attachment":"as1","blend":"additive"},{"name":"n","bone":"n","attachment":"n"},{"name":"i","bone":"i","attachment":"i"},{"name":"v","bone":"v","attachment":"v"},{"name":"vin","bone":"root","attachment":"vin2"},{"name":"cham","bone":"cham","attachment":"cham"},{"name":"liasang2","bone":"ls2","attachment":"liasang2"},{"name":"cham2","bone":"cham","attachment":"cham"}],"skins":{"default":{"as1":{"as1":{"x":290.72,"y":332.74,"width":314,"height":314}},"as2":{"as2":{"x":204.08,"y":697.3,"width":314,"height":314}},"as3":{"as3":{"x":-219.28,"y":514.74,"width":314,"height":314}},"cham":{"cham":{"x":-4.72,"y":3.55,"rotation":-91.12,"width":71,"height":74}},"cham2":{"cham":{"x":1.3,"y":2.34,"rotation":-91.12,"width":71,"height":74}},"i":{"i":{"x":-5.64,"y":-2.42,"rotation":-91.12,"width":64,"height":159}},"liasang1":{"liasang1":{"x":-12.11,"y":-9.5,"scaleX":0.621,"rotation":-9.87,"width":577,"height":616}},"liasang2":{"liasang2":{"x":-16.12,"y":10.89,"rotation":173.83,"width":253,"height":263}},"n":{"n":{"x":2.74,"y":-6.61,"rotation":-90,"width":178,"height":169}},"slot":{"slot":{"x":-17.78,"y":245.74,"width":717,"height":342}},"v":{"v":{"x":0.14,"y":7.05,"rotation":-92.6,"width":188,"height":169}},"vin":{"vin":{"x":-23.28,"y":284.74,"width":444,"height":170},"vin2":{"type":"clipping","end":"liasang2","vertexCount":18,"color":"ce3a3aff","vertices":[-204.11,347.34,-148.31,346.14,-120.11,286.14,-91.91,348.54,-37.31,348.54,18.49,348.54,56.89,348.54,122.89,310.14,122.89,349.74,173.89,346.74,176.29,230.94,148.69,232.14,82.09,280.74,83.89,229.14,-40.31,232.74,-40.31,338.34,-86.51,230.34,-154.31,228.54]}},"xu1":{"xu1":{"x":-54.8,"y":2.31,"rotation":-91.25,"width":656,"height":419}},"xu2":{"xu2":{"x":-14.78,"y":552.74,"width":567,"height":314},"xu3":{"type":"clipping","end":"liasang1","vertexCount":62,"color":"ce3a3aff","vertices":[-288.61,421.6,-295.88,441.16,-294.2,453.46,-195.82,563.58,-285.82,674.83,-286.38,691.6,-276.31,705.01,-261.22,709.48,-203.08,708.37,-191.9,699.98,-134.89,631.78,-68.92,703.89,-58.3,708.37,-11.35,707.81,3.19,701.1,9.34,680.97,16.8,680.48,19.59,693.18,33.33,706.84,68.08,709.37,90.53,706.84,103.2,698.15,108.63,681.86,107.18,521.85,112.97,499.41,124.56,490.72,146.28,487.1,162.2,490,172.59,497.44,180.67,512.8,182.31,629.65,182,678.63,188.88,700.18,199.98,707.44,225.18,709.58,254.21,704.03,264.46,695.06,266.59,681.4,266.59,519.56,257.63,480.28,246.1,455.94,231.58,440.14,203.91,420.89,167.13,412.6,110.67,414.15,54.72,437.98,26.75,471.65,16.91,517.23,16.23,678.37,8.8,678.27,7.12,672.33,-85.01,567.26,12.92,451.21,14.49,436.28,1.53,421.74,-19.7,416.63,-67.25,417.41,-78.65,424.49,-143.88,501.91,-216.7,420.81,-233.63,416.04,-272.26,416.9]}},"xu4":{"xu4":{"x":-15.59,"y":555.96,"width":567,"height":314}}}},"animations":{"animation":{"slots":{"as1":{"color":[{"time":3.4,"color":"ffffff00"},{"time":3.6,"color":"ffffffff"},{"time":3.8333,"color":"ffffff00"},{"time":4.1333,"color":"ffffffff"}]},"as2":{"color":[{"time":4.4,"color":"ffffff00"},{"time":4.8333,"color":"ffffffff"},{"time":5.2667,"color":"ffffff00"},{"time":5.6,"color":"ffffffff"},{"time":6,"color":"ffffff00"},{"time":6.3667,"color":"ffffffff"},{"time":6.7333,"color":"ffffff00"},{"time":6.9,"color":"ffffffff"},{"time":7.5,"color":"ffffff00"},{"time":8,"color":"ffffffff"}]},"as3":{"color":[{"time":5.1667,"color":"ffffff00"},{"time":5.6333,"color":"ffffffff"},{"time":5.9667,"color":"ffffff00"},{"time":6.3333,"color":"ffffffff"},{"time":6.7,"color":"ffffff00"},{"time":7.1333,"color":"ffffffff"},{"time":7.5333,"color":"ffffff00"}]},"liasang2":{"color":[{"time":0.5,"color":"ffffff00","curve":"stepped"},{"time":0.8,"color":"ffffff00"},{"time":0.9333,"color":"ffffffff"}]},"xu1":{"color":[{"time":2,"color":"ffffffff"},{"time":2.2,"color":"ffffff33"},{"time":2.3333,"color":"ffffffff"},{"time":2.5333,"color":"ffffff00"},{"time":2.6667,"color":"ffffffff"},{"time":2.8333,"color":"ffffff00"},{"time":3,"color":"ffffffff"},{"time":3.1333,"color":"ffffff00"},{"time":3.2667,"color":"ffffffff"}]}},"bones":{"ls1":{"translate":[{"time":0,"x":0,"y":0},{"time":1.5,"x":721.37,"y":0}]},"ls2":{"rotate":[{"time":0.6667,"angle":-51.51,"curve":"stepped"},{"time":2.1667,"angle":-51.51}],"translate":[{"time":0.6667,"x":82.12,"y":0},{"time":0.8,"x":-479.15,"y":0},{"time":2,"x":16.21,"y":0},{"time":2.3333,"x":105.16,"y":0}]},"xu1":{"scale":[{"time":2,"x":1,"y":1},{"time":2.2,"x":1.303,"y":1.198},{"time":2.3333,"x":1,"y":1},{"time":2.5333,"x":1.303,"y":1.198},{"time":2.6667,"x":1,"y":1},{"time":2.8333,"x":1.303,"y":1.198},{"time":3,"x":1,"y":1},{"time":3.1333,"x":1.303,"y":1.198},{"time":3.2667,"x":1,"y":1}]},"cham":{"translate":[{"time":3,"x":0,"y":0},{"time":3.3333,"x":0,"y":10.11},{"time":3.6667,"x":0,"y":-13.48},{"time":3.9667,"x":0,"y":-3.37}]},"v":{"translate":[{"time":3.6667,"x":0,"y":0},{"time":4,"x":0,"y":15.72},{"time":4.3,"x":0,"y":-14.6},{"time":4.6667,"x":0,"y":0}]},"i":{"translate":[{"time":4.3333,"x":0,"y":0},{"time":4.6667,"x":0,"y":15.72},{"time":5,"x":0,"y":-22.46},{"time":5.3333,"x":0,"y":0}]},"n":{"translate":[{"time":5,"x":0,"y":0},{"time":5.3333,"x":0,"y":21.34},{"time":5.6667,"x":0,"y":-30.32},{"time":6,"x":0,"y":-1.12,"curve":"stepped"},{"time":8.3333,"x":0,"y":-1.12}]},"text downl":{"scale":[{"time":6.0333,"x":1,"y":1},{"time":6.1667,"x":1.248,"y":1.188},{"time":6.2667,"x":1,"y":1},{"time":6.3333,"x":1.248,"y":1.188},{"time":6.4333,"x":1,"y":1},{"time":6.5,"x":1.248,"y":1.188},{"time":6.5333,"x":1,"y":1},{"time":6.5667,"x":1.248,"y":1.188},{"time":6.6333,"x":1,"y":1},{"time":6.7,"x":1.248,"y":1.188},{"time":6.7667,"x":1,"y":1},{"time":6.8333,"x":1.248,"y":1.188},{"time":6.9,"x":1,"y":1},{"time":6.9667,"x":1.248,"y":1.188},{"time":7.1,"x":1,"y":1}]}}}}},[0]]],0,0,[0],[-1],[0]]