[1,["41/nJ367xPvpu8tRzZZOYj"],["spriteFrame"],[["cc.BitmapFont",["_name","fontSize","_fntConfig"],0]],[[0,0,1,2,4]],[[0,"font5-export",32,{"commonHeight":80,"fontSize":32,"atlasName":"Font_Myriad_Number-export.png","fontDefDictionary":{"9":{"xOffset":0,"yOffset":0,"xAdvance":160,"rect":{"x":0,"y":0,"width":0,"height":0}},"32":{"xOffset":0,"yOffset":0,"xAdvance":20,"rect":{"x":0,"y":0,"width":0,"height":0}},"44":{"xOffset":0,"yOffset":69,"xAdvance":13,"rect":{"x":73,"y":29,"width":12,"height":15}},"46":{"xOffset":0,"yOffset":69,"xAdvance":12,"rect":{"x":73,"y":45,"width":11,"height":11}},"47":{"xOffset":0,"yOffset":51,"xAdvance":20,"rect":{"x":71,"y":88,"width":19,"height":30}},"48":{"xOffset":0,"yOffset":52,"xAdvance":24,"rect":{"x":33,"y":0,"width":23,"height":28}},"49":{"xOffset":0,"yOffset":52,"xAdvance":15,"rect":{"x":72,"y":58,"width":14,"height":28}},"50":{"xOffset":0,"yOffset":52,"xAdvance":23,"rect":{"x":48,"y":89,"width":22,"height":28}},"51":{"xOffset":0,"yOffset":52,"xAdvance":23,"rect":{"x":49,"y":59,"width":22,"height":28}},"52":{"xOffset":0,"yOffset":52,"xAdvance":26,"rect":{"x":0,"y":30,"width":25,"height":28}},"53":{"xOffset":0,"yOffset":52,"xAdvance":23,"rect":{"x":50,"y":29,"width":22,"height":28}},"54":{"xOffset":0,"yOffset":52,"xAdvance":24,"rect":{"x":24,"y":89,"width":23,"height":28}},"55":{"xOffset":0,"yOffset":52,"xAdvance":22,"rect":{"x":57,"y":0,"width":21,"height":28}},"56":{"xOffset":0,"yOffset":52,"xAdvance":24,"rect":{"x":0,"y":89,"width":23,"height":28}},"57":{"xOffset":0,"yOffset":52,"xAdvance":24,"rect":{"x":26,"y":30,"width":23,"height":28}},"58":{"xOffset":0,"yOffset":58,"xAdvance":12,"rect":{"x":79,"y":0,"width":11,"height":22}},"66":{"xOffset":0,"yOffset":51,"xAdvance":24,"rect":{"x":25,"y":59,"width":23,"height":29}},"75":{"xOffset":0,"yOffset":51,"xAdvance":25,"rect":{"x":0,"y":59,"width":24,"height":29}},"77":{"xOffset":0,"yOffset":51,"xAdvance":33,"rect":{"x":0,"y":0,"width":32,"height":29}}},"kerningDict":{}}]],0,0,[0],[0],[0]]